json_title,json_author,json_created_date,json_url,json_full_permalink,json_score,json_ups,json_downs,json_num_comments,pp_sanitized_title,pp_image_file,gpt_chart_type,gpt_high_level_categories,gpt_cleaned_chart_type,gpt_overarching_chart_type,gpt_special_attribute
[OC] What $100 of Bitcoin Would Be Worth Today,codeconut,2024-10-01,https://i.redd.it/omr4id1iu2sd1.png,https://www.reddit.com/r/dataisbeautiful/comments/1ftgafv/oc_what_100_of_bitcoin_would_be_worth_today/,0,0,0,101,OC What $100 of Bitcoin Would Be Worth Today,2024-10-0000.png,line graph,"finance, investment, cryptocurrency, bitcoin, trends",line graph,Line,
The Wealth of Nations: income vs. cost of living for 110 countries (interactive version in comments) [OC],getToTheChopin,2024-10-01,https://i.redd.it/zaiqav36e4sd1.png,https://www.reddit.com/r/dataisbeautiful/comments/1ftkmwb/the_wealth_of_nations_income_vs_cost_of_living/,495,495,0,103,The Wealth of Nations income vs. cost of living for 110 countries (interactive version in comments) OC,2024-10-0001.png,bubble chart,"economics, income, cost of living, global, countries, purchasing power",bubble chart,Point,
[OC] Food's Cost vs. Caloric Density,James_Fortis,2024-10-01,https://i.redd.it/sags8h95z4sd1.png,https://www.reddit.com/r/dataisbeautiful/comments/1ftmkwt/oc_foods_cost_vs_caloric_density/,3771,3771,0,378,OC Food's Cost vs. Caloric Density,2024-10-0002.png,scatter plot,"food, cost, caloric density, nutrition, diet, economics",scatter plot,Point,
[OC] My Step Counts For 2024 So Far,karakasu23,2024-10-01,https://i.redd.it/yj3mxsa3e5sd1.jpeg,https://www.reddit.com/r/dataisbeautiful/comments/1ftoa0c/oc_my_step_counts_for_2024_so_far/,0,0,0,13,OC My Step Counts For 2024 So Far,2024-10-0003.jpeg,heatmap,"fitness, health, daily activity, exercise, tracking, personal data",heatmap,Grid & Matrix,
[OC] A List of Every US President Lived to Be 100 Years Old!,tycooperaow,2024-10-01,https://i.redd.it/vsqw96r1o5sd1.png,https://www.reddit.com/r/dataisbeautiful/comments/1ftpjl0/oc_a_list_of_every_us_president_lived_to_be_100/,522,522,0,140,OC A List of Every US President Lived to Be 100 Years Old!,2024-10-0004.png,bar chart,"us presidents, lifespans, history, politics",bar chart,Bar,
[OC] Voter trends in Alabamaâ€™s largest city.,WritingWesley,2024-10-01,https://i.redd.it/7oixrdg4b6sd1.jpeg,https://www.reddit.com/r/dataisbeautiful/comments/1ftsmsq/oc_voter_trends_in_alabamas_largest_city/,0,0,0,40,OC Voter trends in Alabamaâ€™s largest city.,2024-10-0005.jpeg,line graph,"politics, elections, voter trends, alabama",line graph,Line,
[OC] The Evolution of Mexicoâ€™s Exports: How the Economy Shifted Over 22 Years ,RobinWheeliams,2024-10-01,https://i.redd.it/vq1unpr8u6sd1.png,https://www.reddit.com/r/dataisbeautiful/comments/1ftvb6s/oc_the_evolution_of_mexicos_exports_how_the/,0,0,0,9,OC The Evolution of Mexicoâ€™s Exports How the Economy Shifted Over 22 Years,2024-10-0006.png,treemap,"mexico, exports, economy, trends, international trade, manufacturing",,,
[OC] Weak correlation between school funding and assessments (Los Angeles),PadraigHPearse,2024-10-01,https://imgur.com/a/L7Kb5l8,https://www.reddit.com/r/dataisbeautiful/comments/1ftw6fg/oc_weak_correlation_between_school_funding_and/,17,17,0,5,OC Weak correlation between school funding and assessments (Los Angeles),2024-10-0007.jpg,scatter plot,"education, funding, assessments, los angeles, correlation",scatter plot,Point,
"[OC] How Nike earned its Billion (as the stock tumbles)
",sankeyart,2024-10-02,https://i.redd.it/0bbs6py6nasd1.png,https://www.reddit.com/r/dataisbeautiful/comments/1fuaf0s/oc_how_nike_earned_its_billion_as_the_stock/,135,135,0,25,OC How Nike earned its Billion (as the stock tumbles),2024-10-0008.png,sankey diagram,"nike, finance, income, revenue, expenses, business, stocks",sankey diagram,Diagrams,Network/Relational
Outstanding mortgages by interest rate in the US,3rdlastsurvivor,2024-10-02,https://wealthvieu.com/ualck,https://www.reddit.com/r/dataisbeautiful/comments/1fueon3/outstanding_mortgages_by_interest_rate_in_the_us/,1318,1318,0,260,Outstanding mortgages by interest rate in the US,2024-10-0009.jpg,stacked bar chart,"mortgages, interest rates, finance, economy, united states",stacked bar chart,Bar,
[OC] Visualizing Economic Complexity: The World's Most and Least Complex Economies,RobinWheeliams,2024-10-02,https://i.redd.it/n3ekgyrzccsd1.png,https://www.reddit.com/r/dataisbeautiful/comments/1fufqfv/oc_visualizing_economic_complexity_the_worlds/,0,0,0,26,OC Visualizing Economic Complexity The World's Most and Least Complex Economies,2024-10-0010.png,infographic,"economics, complexity, global, countries, innovation",,,
"[OC] Detailed relief map of Seattle, WA created from LiDAR data with ReliefViz",vKittyhawk,2024-10-02,https://i.redd.it/muzim1rvucsd1.jpeg,https://www.reddit.com/r/dataisbeautiful/comments/1fuhvrl/oc_detailed_relief_map_of_seattle_wa_created_from/,1054,1054,0,49,"OC Detailed relief map of Seattle, WA created from LiDAR data with ReliefViz",2024-10-0011.jpeg,other (relief map),"geography, seattle, lidar, terrain, urban planning",relief map,Maps,Geographical
[OC] How Old Are Artists Who Score a No. 1 Hit on the Billboard Hot 100?,noisymortimer,2024-10-02,https://i.redd.it/23dsl4xjwcsd1.png,https://www.reddit.com/r/dataisbeautiful/comments/1fui2ji/oc_how_old_are_artists_who_score_a_no_1_hit_on/,1753,1753,0,158,OC How Old Are Artists Who Score a No. 1 Hit on the Billboard Hot 100,2024-10-0012.png,area chart,"music, artists, age, billboard, trends",area chart,Area,
[OC]Airbnb Financial Performance,giteam,2024-10-02,https://i.redd.it/zj3nklp81dsd1.png,https://www.reddit.com/r/dataisbeautiful/comments/1fuiped/ocairbnb_financial_performance/,0,0,0,18,OCAirbnb Financial Performance,2024-10-0013.png,sankey diagram,"airbnb, financial performance, revenue, expenses, business, analysis",sankey diagram,Diagrams,Network/Relational
"Causes of Financial Loss in the United States, 2011",breck,2024-10-02,https://breckyunits.com/the-great-bank-robbery.html,https://www.reddit.com/r/dataisbeautiful/comments/1fuo64y/causes_of_financial_loss_in_the_united_states_2011/,211,211,0,122,"Causes of Financial Loss in the United States, 2011",2024-10-0014.jpg,bubble chart,"finance, crime, united states, 2011, financial loss",bubble chart,Point,
[OC] How much and what milk my kid drank the first ~7 months ,khaffner91,2024-10-02,https://i.redd.it/p1qdl9tpzesd1.png,https://www.reddit.com/r/dataisbeautiful/comments/1fus6hr/oc_how_much_and_what_milk_my_kid_drank_the_first/,29,29,0,20,OC How much and what milk my kid drank the first ~7 months,2024-10-0015.png,bar chart,"parenting, infant nutrition, milk consumption, breastfeeding, formula feeding, child development, trends",bar chart,Bar,
[OC]: VP Presidential Debate Word Cloud,Ok_Advance8900,2024-10-02,https://i.redd.it/f5xx84htngsd1.png,https://www.reddit.com/r/dataisbeautiful/comments/1fuyqes/oc_vp_presidential_debate_word_cloud/,360,360,0,169,OC VP Presidential Debate Word Cloud,2024-10-0016.png,word cloud,"politics, debate, vice president, speech, language, communication",,,
"[OC] With September (my birth month) concluded I used Python to create a visualisation of daily September temperatures over the years, focusing on the last five years to highlight increases ",IXMCMXCII,2024-10-03,https://i.redd.it/fcwjn9nu2isd1.jpeg,https://www.reddit.com/r/dataisbeautiful/comments/1fv2u9s/oc_with_september_my_birth_month_concluded_i_used/,312,312,0,50,"OC With September (my birth month) concluded I used Python to create a visualisation of daily September temperatures over the years, focusing on the l",2024-10-0017.jpeg,line graph,"weather, temperature, trends, climate change, data analysis, september, historical data",line graph,Line,
How far apart are the incomes of the rich and poor in different countries?,eortizospina,2024-10-03,https://ourworldindata.org/data-insights/how-far-apart-are-the-incomes-of-the-rich-and-poor-in-different-countries,https://www.reddit.com/r/dataisbeautiful/comments/1fva2lu/how_far_apart_are_the_incomes_of_the_rich_and/,115,115,0,97,How far apart are the incomes of the rich and poor in different countries,2024-10-0018.jpg,bar chart,"income inequality, global, wealth distribution, economics, countries",bar chart,Bar,
Which data sources did states use to identify students most impacted by the pandemic?,DiscontentEditor,2024-10-03,https://log.jasongodfrey.info/html-files/state_data_used_bar.html,https://www.reddit.com/r/dataisbeautiful/comments/1fvcmd0/which_data_sources_did_states_use_to_identify/,0,0,0,1,Which data sources did states use to identify students most impacted by the pandemic,2024-10-0019.jpg,bar chart,"education, pandemic impact, data sources, student demographics, health data, state analysis",bar chart,Bar,
[OC] Political parties in the U.S. presidential election history,Half-Man-Half-Potato,2024-10-03,https://i.redd.it/281awtudpksd1.png,https://www.reddit.com/r/dataisbeautiful/comments/1fvcoi2/oc_political_parties_in_the_us_presidential/,62,62,0,8,OC Political parties in the U.S. presidential election history,2024-10-0020.png,"timeline, line graph","politics, u.s., presidential election, history, political parties",line graph,Line,
[OC] Voter turnout by state in the last presidential election,USAFacts,2024-10-03,https://i.redd.it/xj9q7soguksd1.png,https://www.reddit.com/r/dataisbeautiful/comments/1fvdckh/oc_voter_turnout_by_state_in_the_last/,2170,2170,0,356,OC Voter turnout by state in the last presidential election,2024-10-0021.png,choropleth map,"voter turnout, elections, politics, united states, demographics",choropleth map,Maps,Geographical
[OC]: Sentiment Analysis for Tuesday's VP Debate (link to interactive app in comments),Ok_Advance8900,2024-10-03,https://i.redd.it/13khf05aelsd1.png,https://www.reddit.com/r/dataisbeautiful/comments/1fvg01y/oc_sentiment_analysis_for_tuesdays_vp_debate_link/,3,3,0,8,OC Sentiment Analysis for Tuesday's VP Debate (link to interactive app in comments),2024-10-0022.png,"line graph, table","sentiment analysis, debate, politics, communication, visualization",line graph,Line,
[OC] tracked my cats' weights and bathroom habits last month using data collected by 2 litter robots (the cat pics act as filters in Power BI). Open to feedback on what could be improved.,Chancetherapurr,2024-10-03,https://i.redd.it/c60huzpfmlsd1.jpeg,https://www.reddit.com/r/dataisbeautiful/comments/1fvh9zl/oc_tracked_my_cats_weights_and_bathroom_habits/,90,90,0,14,OC tracked my cats' weights and bathroom habits last month using data collected by 2 litter robots (the cat pics act as filters in Power BI). Open to,2024-10-0023.jpeg,dashboard,"pets, cats, health monitoring, data tracking, behavior analysis",,,
"[OC] Estimated Voter Turnout Probability by County for the Upcoming Election (Datagotchi 2024 U.S. Elections, n = 6,228) Using Multilevel Regression and Poststratification",Lowstack,2024-10-03,https://i.redd.it/4pzuihupcmsd1.png,https://www.reddit.com/r/dataisbeautiful/comments/1fvkcie/oc_estimated_voter_turnout_probability_by_county/,352,352,0,171,"OC Estimated Voter Turnout Probability by County for the Upcoming Election (Datagotchi 2024 U.S. Elections, n = 6,228) Using Multilevel Regression and",2024-10-0024.png,choropleth map,"elections, voter turnout, united states, politics, data analysis",choropleth map,Maps,Geographical
Media Universe Map,BrentonHenry2020,2024-10-03,https://open.substack.com/pub/eshap/p/media-universe-maps-2020-2024?utm_campaign=post&utm_medium=web,https://www.reddit.com/r/dataisbeautiful/comments/1fvq2dr/media_universe_map/,8,8,0,1,Media Universe Map,2024-10-0025.jpg,bubble chart,"media, technology, corporations, economy",bubble chart,Point,
[OC] The Most Smoking Countries in the World 2025 (Estimation),LivingCharts,2024-10-04,https://i.redd.it/i1t0uq03wqsd1.png,https://www.reddit.com/r/dataisbeautiful/comments/1fvzqvd/oc_the_most_smoking_countries_in_the_world_2025/,655,655,0,186,OC The Most Smoking Countries in the World 2025 (Estimation),2024-10-0026.png,bar chart,"smoking, health, global, countries, estimation, 2025",bar chart,Bar,
The ultimate timeline of communication technology,frogcharming,2024-10-04,https://www.ooma.com/blog/ultimate-timeline-of-communication-technology/,https://www.reddit.com/r/dataisbeautiful/comments/1fw6sas/the_ultimate_timeline_of_communication_technology/,5,5,0,3,The ultimate timeline of communication technology,2024-10-0027.jpg,timeline,"communication, technology, history, evolution",,,
Total Amount of moves per Piece at the Chess Olympiad 2024 [OC],AvalonData,2024-10-04,https://i.redd.it/5l87v4skltsd1.png,https://www.reddit.com/r/dataisbeautiful/comments/1fwcch8/total_amount_of_moves_per_piece_at_the_chess/,120,120,0,25,Total Amount of moves per Piece at the Chess Olympiad 2024 OC,2024-10-0028.png,bar chart,"chess, sports, games, statistics, tournament",bar chart,Bar,
[OC] Population of Berlin vs New York City vs Cairo (more info in comments. Zoom might work on desktop only),221B_Asset_Street,2024-10-04,https://i.redd.it/gy5nkpmyktsd1.png,https://www.reddit.com/r/dataisbeautiful/comments/1fwccs4/oc_population_of_berlin_vs_new_york_city_vs_cairo/,39,39,0,7,OC Population of Berlin vs New York City vs Cairo (more info in comments. Zoom might work on desktop only),2024-10-0029.png,histogram,"population, cities, berlin, new york city, cairo, demographics",histogram,Distribution,Statistical/Distribution
[OC] Fentanyl has become the number one cause of overdose deaths in the U.S.,nytopinion,2024-10-04,https://i.redd.it/9up1el26ttsd1.png,https://www.reddit.com/r/dataisbeautiful/comments/1fwd9jo/oc_fentanyl_has_become_the_number_one_cause_of/,7950,7950,0,916,OC Fentanyl has become the number one cause of overdose deaths in the U.S.,2024-10-0030.png,area chart,"fentanyl, overdose, drugs, health, united states, trends",area chart,Area,
[OC] Gun Violence Risk (per capita 2014-present),defensibleapp,2024-10-04,https://i.redd.it/k14kkuu27usd1.png,https://www.reddit.com/r/dataisbeautiful/comments/1fwes3v/oc_gun_violence_risk_per_capita_2014present/,152,152,0,155,OC Gun Violence Risk (per capita 2014-present),2024-10-0031.png,choropleth map,"gun violence, risk assessment, united states, geography, safety",choropleth map,Maps,Geographical
[OC]Warren Buffettâ€™s Portfolio 2000 vs 2024Q2:ðŸ¥¤Coca-Cola and ðŸ”´American Express might be Buffetâ€™s favourite,giteam,2024-10-04,https://i.redd.it/zttesj399usd1.png,https://www.reddit.com/r/dataisbeautiful/comments/1fwezh7/ocwarren_buffetts_portfolio_2000_vs/,31,31,0,14,OCWarren Buffettâ€™s Portfolio 2000 vs 2024Q2ðŸ¥¤Coca-Cola and ðŸ”´American Express might be Buffetâ€™s favourite,2024-10-0032.png,donut chart,"finance, investments, stock portfolio, warren buffett, coca-cola, american express",donut chart,Circle,
5 subreddits online users visualized for past one week [OC],deep_ak,2024-10-05,https://i.redd.it/t0hexy6alzsd1.png,https://www.reddit.com/r/dataisbeautiful/comments/1fwxuzz/5_subreddits_online_users_visualized_for_past_one/,30,30,0,11,5 subreddits online users visualized for past one week OC,2024-10-0034.png,line graph,"subreddits, online users, trends, data visualization, community engagement",line graph,Line,
Average Chess Player Accuracy By Elo Range (Olympiad 2024 - Round 10 and 11) [OC],AvalonData,2024-10-05,https://i.redd.it/x6bam5jsf0td1.png,https://www.reddit.com/r/dataisbeautiful/comments/1fx1lde/average_chess_player_accuracy_by_elo_range/,103,103,0,43,Average Chess Player Accuracy By Elo Range (Olympiad 2024 - Round 10 and 11) OC,2024-10-0035.png,bar chart,"chess, player performance, elo rating, olympiad, statistics",bar chart,Bar,
[OC] NYC's Aging Metro,dchung97,2024-10-06,https://i.redd.it/tnqvno5rq4td1.png,https://www.reddit.com/r/dataisbeautiful/comments/1fxfdr0/oc_nycs_aging_metro/,307,307,0,28,OC NYC's Aging Metro,2024-10-0036.png,"choropleth map, bar chart","new york city, aging population, transportation, accessibility, public transit, metro, walk times, urban planning, demographics","choropleth map, bar chart","Bar, Maps",Geographical
[OC] Analyzing TSX Sectors and Where Listed Companies are Located ,Dense_Currency_14,2024-10-06,https://i.redd.it/3i6wns3286td1.jpeg,https://www.reddit.com/r/dataisbeautiful/comments/1fxluen/oc_analyzing_tsx_sectors_and_where_listed/,74,74,0,17,OC Analyzing TSX Sectors and Where Listed Companies are Located,2024-10-0037.jpeg,infographic,"stock market, canada, business, economy, finance, sectors, tsx, companies",,,
Tracking Hurricane Milton,Selfeducated,2024-10-06,https://www.nytimes.com/interactive/2024/weather/milton-map-path-tracker.html?rsrc=flt&smid=re-share,https://www.reddit.com/r/dataisbeautiful/comments/1fxvpvc/tracking_hurricane_milton/,0,0,0,24,Tracking Hurricane Milton,2024-10-0038.jpg,choropleth map,"hurricanes, weather, natural disasters, tracking, maps, geography",choropleth map,Maps,Geographical
Country Subreddit Subscribers per Capita [OC],AidMMcMillan,2024-10-06,https://i.redd.it/w087dcrfq8td1.png,https://www.reddit.com/r/dataisbeautiful/comments/1fxwrdx/country_subreddit_subscribers_per_capita_oc/,98,98,0,25,Country Subreddit Subscribers per Capita OC,2024-10-0039.png,choropleth map,"social media, demographics, geography, internet, countries, population",choropleth map,Maps,Geographical
There's an odd connection between eating more chocolate and winning the Nobel Prize,hcbaron,2024-10-06,https://www.businessinsider.com/chocolate-consumption-vs-nobel-prizes-2014-4,https://www.reddit.com/r/dataisbeautiful/comments/1fxxhnx/theres_an_odd_connection_between_eating_more/,621,621,0,104,There's an odd connection between eating more chocolate and winning the Nobel Prize,2024-10-0040.jpg,scatter plot,"chocolate, nobel prize, statistics, correlations, countries",scatter plot,Point,
A Tale of Two Cities: Attendance at Fenway Park vs Petco Park (2004-2024) [OC] Python,burnbabyburn11,2024-10-07,https://i.redd.it/r5p6iku9p9td1.png,https://www.reddit.com/r/dataisbeautiful/comments/1fy04tw/a_tale_of_two_cities_attendance_at_fenway_park_vs/,10,10,0,39,A Tale of Two Cities Attendance at Fenway Park vs Petco Park (2004-2024) OC Python,2024-10-0041.png,bar chart,"sports, baseball, attendance, trends, fenway park, petco park, boston red sox, san diego padres, covid-19, data analysis",bar chart,Bar,
"[OC] Caleb Williams' journey to become the first Bears QB to throw for 4,000 yards (NFL, American Football)",JPAnalyst,2024-10-07,https://i.redd.it/lpyrut47abtd1.png,https://www.reddit.com/r/dataisbeautiful/comments/1fy4ey8/oc_caleb_williams_journey_to_become_the_first/,163,163,0,46,"OC Caleb Williams' journey to become the first Bears QB to throw for 4,000 yards (NFL, American Football)",2024-10-0042.png,infographic,"sports, nfl, american football, quarterbacks, chicago bears, performance milestones",,,
Lighthouses of the Great Lakes [OC],visualgeomatics,2024-10-07,https://i.redd.it/8v7xtdexxbtd1.jpeg,https://www.reddit.com/r/dataisbeautiful/comments/1fy6ocb/lighthouses_of_the_great_lakes_oc/,1746,1746,0,29,Lighthouses of the Great Lakes OC,2024-10-0043.jpeg,other (map),"lighthouses, great lakes, geography, navigation",map,Maps,Geographical
[OC] I made a web app that graphs how Spotify users' taste in artists evolves over time. Here's mine!,ErikBoesen,2024-10-07,https://i.redd.it/i4nhafotp9td1.png,https://www.reddit.com/r/dataisbeautiful/comments/1fy76r8/oc_i_made_a_web_app_that_graphs_how_spotify_users/,286,286,0,60,OC I made a web app that graphs how Spotify users' taste in artists evolves over time. Here's mine!,2024-10-0044.png,area chart,"music, spotify, trends, artists, personal data",area chart,Area,
12 months of sirens in 12 seconds,sukihasmu,2024-10-07,https://x.com/LittleMoiz/status/1840999908830068943,https://www.reddit.com/r/dataisbeautiful/comments/1fy7u33/12_months_of_sirens_in_12_seconds/,45,45,0,61,12 months of sirens in 12 seconds,2024-10-0045.jpg,choropleth map,"sirens, israel, middle east, geopolitics, security, events",choropleth map,Maps,Geographical
2 Years' Worth of Running in Chicago [OC],bark98,2024-10-07,https://i.redd.it/9jab6p3tkctd1.jpeg,https://www.reddit.com/r/dataisbeautiful/comments/1fy9igb/2_years_worth_of_running_in_chicago_oc/,1788,1788,0,117,2 Years' Worth of Running in Chicago OC,2024-10-0046.jpeg,choropleth map,"running, fitness, chicago, geography",choropleth map,Maps,Geographical
My 9month Journey back down to a weight where clothes fit right[OC],RethinkPerfect,2024-10-07,https://i.redd.it/5ic4gqbmqctd1.png,https://www.reddit.com/r/dataisbeautiful/comments/1fyaap5/my_9month_journey_back_down_to_a_weight_where/,95,95,0,40,My 9month Journey back down to a weight where clothes fit rightOC,2024-10-0047.png,line graph,"weight loss, fitness, health, personal journey, trends",line graph,Line,
[OC] Apple Q1 sankey & iPhone COGS breakdown,lirimzenuni,2024-10-07,https://i.redd.it/wr169io6tctd1.png,https://www.reddit.com/r/dataisbeautiful/comments/1fyanbq/oc_apple_q1_sankey_iphone_cogs_breakdown/,109,109,0,54,OC Apple Q1 sankey & iPhone COGS breakdown,2024-10-0048.png,sankey diagram,"technology, business, apple, finance, cost analysis, iphone",sankey diagram,Diagrams,Network/Relational
[OC] Graph of My Monthly Salary from 2019-2024 Adjusted for Inflation,coke_and_coffee,2024-10-07,https://i.redd.it/oa2nr26z5etd1.png,https://www.reddit.com/r/dataisbeautiful/comments/1fyhb66/oc_graph_of_my_monthly_salary_from_20192024/,2378,2378,0,259,OC Graph of My Monthly Salary from 2019-2024 Adjusted for Inflation,2024-10-0049.png,line graph,"salary, inflation, finance, trends, economics",line graph,Line,
"Architecture Award Winners, [OC]",KG_MATRIX_47,2024-10-07,https://i.redd.it/t7cmi1bxsftd1.png,https://www.reddit.com/r/dataisbeautiful/comments/1fyol84/architecture_award_winners_oc/,44,44,0,13,"Architecture Award Winners, OC",2024-10-0051.png,sankey diagram,"architecture, awards, winners, global, prizes",sankey diagram,Diagrams,Network/Relational
Network activity on my LAN for the last 24 hours [OC],Switchblade88,2024-10-07,https://i.redd.it/jat6gqn6xftd1.png,https://www.reddit.com/r/dataisbeautiful/comments/1fyp4t2/network_activity_on_my_lan_for_the_last_24_hours/,0,0,0,3,Network activity on my LAN for the last 24 hours OC,2024-10-0052.png,"dashboard, bar chart, donut chart","network activity, lan, data analysis, internet, technology","bar chart, donut chart","Bar, Circle",
How Have the Top Counties For Firearm Homicides in the United States Changed Over the Past 5 Years?,frogcharming,2024-10-08,https://www.daytonohlawyer.com/how-have-the-top-counties-for-firearm-homicides-in-the-united-states-changed-over-the-past-5-years/,https://www.reddit.com/r/dataisbeautiful/comments/1fz1goy/how_have_the_top_counties_for_firearm_homicides/,120,120,0,120,How Have the Top Counties For Firearm Homicides in the United States Changed Over the Past 5 Years,2024-10-0053.jpg,"infographic, choropleth map","firearms, homicides, united states, crime, trends, geography",choropleth map,Maps,Geographical
[OC] Global Research Co-authorship in Economics,GarauGarau,2024-10-08,https://i.redd.it/a0tfcdygtjtd1.jpeg,https://www.reddit.com/r/dataisbeautiful/comments/1fz25fv/oc_global_research_coauthorship_in_economics/,43,43,0,7,OC Global Research Co-authorship in Economics,2024-10-0054.jpeg,network diagram,"research, co-authorship, economics, global collaboration, academic publications",network diagram,Trees & Networks,Network/Relational
[OC] Pinduoduo (Temu's parent company) business model,kkl779,2024-10-08,https://i.redd.it/wsbkrxyp8mtd1.jpeg,https://www.reddit.com/r/dataisbeautiful/comments/1fzdmhj/oc_pinduoduo_temus_parent_company_business_model/,27,27,0,5,OC Pinduoduo (Temu's parent company) business model,2024-10-0055.jpeg,"bar chart, line graph","pinduoduo, temu, business model, revenue, cost, margin, e-commerce, social commerce, agriculture, marketing","bar chart, line graph","Bar, Line",
"[Finance] Some odd headlines/narrative over last 48 hours re EPL clubs with shareholder loans, principally Arsenal. A look at historic debt and interest payments shows: minimal debt until new stadium project; paid Â£325m interest 2003-21; and owner loans simply replaced stadium bonds",GameStateUK,2024-10-09,https://www.reddit.com/r/ArsenalFC/comments/1fzmixm/finance_some_odd_headlinesnarrative_over_last_48/,https://www.reddit.com/r/dataisbeautiful/comments/1fzmxo1/finance_some_odd_headlinesnarrative_over_last_48/,5,5,0,0,"Finance Some odd headlinesnarrative over last 48 hours re EPL clubs with shareholder loans, principally Arsenal. A look at historic debt and interest",2024-10-0056.png,bar chart,"finance, sports, arsenal fc, debt, interest, loans, epl, stadium projects",bar chart,Bar,
[OC] How Tesla made money in Q2 24 & Model 3 cost breakdown,lirimzenuni,2024-10-09,https://i.redd.it/81ths50n5ptd1.png,https://www.reddit.com/r/dataisbeautiful/comments/1fzn6zm/oc_how_tesla_made_money_in_q2_24_model_3_cost/,786,786,0,199,OC How Tesla made money in Q2 24 & Model 3 cost breakdown,2024-10-0057.png,sankey diagram,"tesla, finance, automotive industry, cost breakdown, business analysis",sankey diagram,Diagrams,Network/Relational
Countries by motor vehicle productions per years,enersto,2024-10-09,https://en.m.wikipedia.org/wiki/List_of_countries_by_motor_vehicle_production#/media/File%3AMotor_Vehicle_Prod_volume_RITA_T1-23.svg,https://www.reddit.com/r/dataisbeautiful/comments/1fzp10a/countries_by_motor_vehicle_productions_per_years/,18,18,0,6,Countries by motor vehicle productions per years,2024-10-0058.jpg,area chart,"motor vehicles, production, countries, trends, economy, industry",area chart,Area,
Self sufficiency of Indian states in their state's revenue receipts. [OC],Sea-Inspector-8758,2024-10-09,https://i.redd.it/ufnr7sal5qtd1.png,https://www.reddit.com/r/dataisbeautiful/comments/1fzq8of/self_sufficiency_of_indian_states_in_their_states/,41,41,0,10,Self sufficiency of Indian states in their state's revenue receipts. OC,2024-10-0059.png,choropleth map,"finance, economy, india, state revenue, self-sufficiency",choropleth map,Maps,Geographical
[OC] Comparing my vinyl record collection to my spins (which records I've listened to) over the last year,spliket,2024-10-09,https://i.redd.it/i3bypl3uaqtd1.png,https://www.reddit.com/r/dataisbeautiful/comments/1fzr1q2/oc_comparing_my_vinyl_record_collection_to_my/,0,0,0,10,OC Comparing my vinyl record collection to my spins (which records I've listened to) over the last year,2024-10-0060.png,donut chart,"music, vinyl records, listening habits, genres, collections",donut chart,Circle,
[OC] From $454B to $961B: Tracking the Explosive Growth of Global Integrated Circuit Exports (2015-2022),RobinWheeliams,2024-10-09,https://i.redd.it/zle5sdgrpqtd1.png,https://www.reddit.com/r/dataisbeautiful/comments/1fzsm3g/oc_from_454b_to_961b_tracking_the_explosive/,51,51,0,20,OC From $454B to $961B Tracking the Explosive Growth of Global Integrated Circuit Exports (2015-2022),2024-10-0061.png,treemap,"integrated circuits, exports, global economy, trade, technology, growth trends",,,
[OC] Literacy levels by state,USAFacts,2024-10-09,https://i.redd.it/v3p9ycwecrtd1.png,https://www.reddit.com/r/dataisbeautiful/comments/1fzvtp6/oc_literacy_levels_by_state/,339,339,0,164,OC Literacy levels by state,2024-10-0062.png,choropleth map,"literacy, education, geography, united states, demographics",choropleth map,Maps,Geographical
[OC] Charting the Growth of Electric Vehicle Imports in the U.S. â€“ Monthly Imports Hit Record Levels.,RobinWheeliams,2024-10-09,https://i.redd.it/thlw3qr5trtd1.png,https://www.reddit.com/r/dataisbeautiful/comments/1fzxxf8/oc_charting_the_growth_of_electric_vehicle/,44,44,0,21,OC Charting the Growth of Electric Vehicle Imports in the U.S. â€“ Monthly Imports Hit Record Levels.,2024-10-0063.png,line graph,"electric vehicles, imports, united states, growth, trends",line graph,Line,
[OC] Germany's â‚¬1.55T Export Flow: Where German Goods Went in 2023,RobinWheeliams,2024-10-09,https://i.redd.it/egds9267zrtd1.png,https://www.reddit.com/r/dataisbeautiful/comments/1fzyo69/oc_germanys_155t_export_flow_where_german_goods/,103,103,0,19,OC Germany's â‚¬1.55T Export Flow Where German Goods Went in 2023,2024-10-0064.png,treemap,"germany, exports, trade, economy, international trade, 2023",,,
[OC] Software Engineer Pay Choropleth Heatmap Across the United States,zuhayeer,2024-10-09,https://i.redd.it/fahi4taxcstd1.png,https://www.reddit.com/r/dataisbeautiful/comments/1g00ibj/oc_software_engineer_pay_choropleth_heatmap/,99,99,0,40,OC Software Engineer Pay Choropleth Heatmap Across the United States,2024-10-0065.png,choropleth map,"salaries, software engineering, united states, geography, technology",choropleth map,Maps,Geographical
How Much Mortgage Debt Americans Carry Against Their Property Value,mo_merton,2024-10-09,https://wealthvieu.com/ualtv,https://www.reddit.com/r/dataisbeautiful/comments/1g02ixx/how_much_mortgage_debt_americans_carry_against/,223,223,0,33,How Much Mortgage Debt Americans Carry Against Their Property Value,2024-10-0066.jpg,stacked bar chart,"finance, mortgages, debt, property value, trends, usa",stacked bar chart,Bar,
Heatmaps of hurricane size/impact/costs plus commentary on the technology used to track it,LittleMsSavoirFaire,2024-10-09,https://www.reddit.com/r/florida/comments/1g0288g/ah_yes_florida_i_made_this_just_to_show_my_dumb/,https://www.reddit.com/r/dataisbeautiful/comments/1g05t17/heatmaps_of_hurricane_sizeimpactcosts_plus/,9,9,0,0,Heatmaps of hurricane sizeimpactcosts plus commentary on the technology used to track it,2024-10-0067.png,table,"hurricanes, size, impact, costs, technology, tracking, weather",,,
How couples met (trend from 1930 to 2024),potHead_18,2024-10-10,https://x.com/i/status/1843793993274143184,https://www.reddit.com/r/dataisbeautiful/comments/1g0bgzd/how_couples_met_trend_from_1930_to_2024/,184,184,0,97,How couples met (trend from 1930 to 2024),2024-10-0068.jpg,bar chart,"relationships, couples, trends, social connections, history",bar chart,Bar,
Interactive Time-lapse: Russia's War in Ukraine,Khabooem,2024-10-10,https://storymaps.arcgis.com/stories/733fe90805894bfc8562d90b106aa895,https://www.reddit.com/r/dataisbeautiful/comments/1g0cyqw/interactive_timelapse_russias_war_in_ukraine/,4,4,0,0,Interactive Time-lapse Russia's War in Ukraine,2024-10-0069.jpg,choropleth map,"war, conflict, ukraine, russia, geopolitics, time-lapse",choropleth map,Maps,Geographical
[OC] Nintendo's Top Selling Video Game Consoles Till Date [OC],Any-Researcher-9549,2024-10-10,https://i.redd.it/i47cht6eyvtd1.jpeg,https://www.reddit.com/r/dataisbeautiful/comments/1g0drzv/oc_nintendos_top_selling_video_game_consoles_till/,381,381,0,178,OC Nintendo's Top Selling Video Game Consoles Till Date OC,2024-10-0070.jpeg,infographic,"nintendo, video games, consoles, sales, technology, entertainment",,,
[OC]: Shots conceded by the top 10 defenses in the Premier League,tropianhs,2024-10-10,https://i.redd.it/7slwbtcp0xtd1.png,https://www.reddit.com/r/dataisbeautiful/comments/1g0gpu6/oc_shots_conceded_by_the_top_10_defenses_in_the/,0,0,0,19,OC Shots conceded by the top 10 defenses in the Premier League,2024-10-0071.png,scatter plot,"sports, football, premier league, defense, statistics",scatter plot,Point,
[OC] Jets quarterback Aaron Rodgers' last 300-yard passing game was 28 games ago. Here is how his streak of games under 300 yards compares to the other starters in the NFL.,JPAnalyst,2024-10-10,https://i.redd.it/019bt3z27xtd1.png,https://www.reddit.com/r/dataisbeautiful/comments/1g0hc0g/oc_jets_quarterback_aaron_rodgers_last_300yard/,242,242,0,99,OC Jets quarterback Aaron Rodgers' last 300-yard passing game was 28 games ago. Here is how his streak of games under 300 yards compares to the other,2024-10-0072.png,bar chart,"sports, nfl, quarterbacks, statistics",bar chart,Bar,
"It has taken 3 years for Windows 11 to reach only one third of Windows market share. MS has only one year left to make 11 somehow overtake 10 enough, otherwise ending 10's support that early will be unjustifiable.",TheInsane103,2024-10-10,https://gs.statcounter.com/windows-version-market-share/desktop/worldwide/#monthly-202110-202410,https://www.reddit.com/r/dataisbeautiful/comments/1g0icvu/it_has_taken_3_years_for_windows_11_to_reach_only/,10750,10750,0,1384,"It has taken 3 years for Windows 11 to reach only one third of Windows market share. MS has only one year left to make 11 somehow overtake 10 enough,",2024-10-0073.jpg,infographic,"technology, windows, market share, operating systems, microsoft, trends",,,
[OC] Where immigrants ended up at the end of 2023,nytopinion,2024-10-10,https://i.redd.it/4my6s96gdztd1.jpeg,https://www.reddit.com/r/dataisbeautiful/comments/1g0r2mc/oc_where_immigrants_ended_up_at_the_end_of_2023/,1289,1289,0,297,OC Where immigrants ended up at the end of 2023,2024-10-0074.jpeg,sankey diagram,"immigration, us border, 2023, legal proceedings, deportation, customs and border protection",sankey diagram,Diagrams,Network/Relational
Mapping Foreign Interference in Canadian Elections: A Web of Events Built from 54 News Reports [OC],boundless-discovery,2024-10-10,https://i.redd.it/zfc0en1gdztd1.png,https://www.reddit.com/r/dataisbeautiful/comments/1g0r2pm/mapping_foreign_interference_in_canadian/,40,40,0,9,Mapping Foreign Interference in Canadian Elections A Web of Events Built from 54 News Reports OC,2024-10-0075.png,network diagram,"foreign interference, canadian elections, news events, politics",network diagram,Trees & Networks,Network/Relational
"Do men or women submit higher star ratings in online reviews? Based on data from 1.2 billion online reviews, it seems to be women. The study finds that this is because dissatisfied women are less likely to submit an online review than men. Here is an open-access version: https://rdcu.be/dWeGT ",Historical-Sock-5517,2024-10-10,https://www.nature.com/articles/s41562-024-02003-6,https://www.reddit.com/r/dataisbeautiful/comments/1g0tofb/do_men_or_women_submit_higher_star_ratings_in/,95,95,0,12,"Do men or women submit higher star ratings in online reviews Based on data from 1.2 billion online reviews, it seems to be women. The study finds that",2024-10-0076.jpg,bar chart,"online reviews, gender differences, ratings, consumer behavior, data analysis",bar chart,Bar,
[OC] Partisan Lean of the last 10 US Congressional Sessions - Based on Votes/Sponsorships (2005-2024),Accomplished_Leg1895,2024-10-10,https://i.redd.it/k2fu5biji1ud1.png,https://www.reddit.com/r/dataisbeautiful/comments/1g0zy7r/oc_partisan_lean_of_the_last_10_us_congressional/,20,20,0,6,OC Partisan Lean of the last 10 US Congressional Sessions - Based on VotesSponsorships (2005-2024),2024-10-0077.png,bar chart,"politics, partisanship, congress, trends, usa, voting, sponsorship",bar chart,Bar,
Crowdstrike's headcount growth remains stable despite the global IT outage incident,Coresignal,2024-10-11,https://www.linkedin.com/posts/coresignal_itoutage-crowdstrike-activity-7249013384904380418-HS1y?utm_source=share&utm_medium=member_desktop,https://www.reddit.com/r/dataisbeautiful/comments/1g13r51/crowdstrikes_headcount_growth_remains_stable/,55,55,0,9,Crowdstrike's headcount growth remains stable despite the global IT outage incident,2024-10-0078.jpg,area chart,"it, business, growth, stability, incidents",area chart,Area,
Australian Electricity and exported Fossil fuel price index [OC],david1610,2024-10-11,https://i.redd.it/t3gxwit663ud1.png,https://www.reddit.com/r/dataisbeautiful/comments/1g14w5v/australian_electricity_and_exported_fossil_fuel/,8,8,0,1,Australian Electricity and exported Fossil fuel price index OC,2024-10-0079.png,line graph,"australia, electricity, fossil fuels, prices, energy, economics, trends",line graph,Line,
Hybrid tech job postings stay stable despite return-to-office policies grabbing headlines,Coresignal,2024-10-11,https://www.linkedin.com/feed/update/urn:li:activity:7247316591254683648,https://www.reddit.com/r/dataisbeautiful/comments/1g15l9k/hybrid_tech_job_postings_stay_stable_despite/,146,146,0,12,Hybrid tech job postings stay stable despite return-to-office policies grabbing headlines,2024-10-0080.jpg,area chart,"technology, jobs, employment trends, remote work, hybrid work",area chart,Area,
[OC] JPMorganChaseâ€™s latest billions visualized ,sankeyart,2024-10-11,https://i.redd.it/ag7wuybgc5ud1.png,https://www.reddit.com/r/dataisbeautiful/comments/1g1cna6/oc_jpmorganchases_latest_billions_visualized/,117,117,0,22,OC JPMorganChaseâ€™s latest billions visualized,2024-10-0081.png,sankey diagram,"finance, banking, income statement, jpmorgan chase, business, economy",sankey diagram,Diagrams,Network/Relational
[OC] NASDAQ weekly performance year-to-date compared with historical average,feldhammer,2024-10-11,https://i.redd.it/hrl8zh6238ud1.png,https://www.reddit.com/r/dataisbeautiful/comments/1g1omv8/oc_nasdaq_weekly_performance_yeartodate_compared/,57,57,0,25,OC NASDAQ weekly performance year-to-date compared with historical average,2024-10-0082.png,line graph,"stock market, nasdaq, finance, performance, trends",line graph,Line,
A Timeline of Linkin Park [OC],s3thm1chael,2024-10-12,https://i.redd.it/o5jt1ngbt9ud1.jpeg,https://www.reddit.com/r/dataisbeautiful/comments/1g1u87u/a_timeline_of_linkin_park_oc/,0,0,0,19,A Timeline of Linkin Park OC,2024-10-0083.jpeg,timeline,"music, linkin park, albums, band history",,,
[OC] Relationship between Share of Low-Wage Earners and Collective Bargaining Coverage - EU Data,trikunas,2024-10-12,https://i.redd.it/0me3kq86abud1.png,https://www.reddit.com/r/dataisbeautiful/comments/1g1y5v7/oc_relationship_between_share_of_lowwage_earners/,89,89,0,55,OC Relationship between Share of Low-Wage Earners and Collective Bargaining Coverage - EU Data,2024-10-0084.png,scatter plot,"economics, labor, collective bargaining, wages, eu, trends",scatter plot,Point,
Premium Brands' U.S. Market Share,rik-huijzer,2024-10-12,https://x.com/ICannot_Enough/status/1845101854914494968,https://www.reddit.com/r/dataisbeautiful/comments/1g22pjr/premium_brands_us_market_share/,0,0,0,3,Premium Brands' U.S. Market Share,2024-10-0085.jpg,bar chart,"automotive industry, market share, premium brands, u.s. market, trends",bar chart,Bar,
A Tale of Two Cities: Attendance at Fenway Park vs Petco Park (2004-2024) [OC] Python,burnbabyburn11,2024-10-12,https://i.redd.it/u4wolinvcdud1.png,https://www.reddit.com/r/dataisbeautiful/comments/1g26ld5/a_tale_of_two_cities_attendance_at_fenway_park_vs/,49,49,0,24,A Tale of Two Cities Attendance at Fenway Park vs Petco Park (2004-2024) OC Python,2024-10-0086.png,bar chart,"sports, baseball, attendance, trends, data analysis, fenway park, petco park",bar chart,Bar,
[OC] Pokemon Types Breakdown,VestOfHolding,2024-10-12,https://i.redd.it/ba55x15gwdud1.png,https://www.reddit.com/r/dataisbeautiful/comments/1g28y6a/oc_pokemon_types_breakdown/,262,262,0,42,OC Pokemon Types Breakdown,2024-10-0087.png,"heatmap, bar chart","pokemon, types, combinations, generations, video games, gaming, statistics","heatmap, bar chart","Bar, Grid & Matrix",
"[OC] Jon Snow's family tree (from GoT, contains spoilers)",Elirso_GG,2024-10-13,https://i.redd.it/j3p0r33fqhud1.jpeg,https://www.reddit.com/r/dataisbeautiful/comments/1g2lqko/oc_jon_snows_family_tree_from_got_contains/,0,0,0,21,"OC Jon Snow's family tree (from GoT, contains spoilers)",2024-10-0088.jpeg,network diagram,"game of thrones, family tree, fantasy, spoilers",network diagram,Trees & Networks,Network/Relational
[OC] World military expenditure 1949-2023,ExperimentalFailures,2024-10-13,https://i.redd.it/18bdf188whud1.png,https://www.reddit.com/r/dataisbeautiful/comments/1g2m56w/oc_world_military_expenditure_19492023/,1519,1519,0,254,OC World military expenditure 1949-2023,2024-10-0089.png,area chart,"military, expenditure, global trends, economy, history",area chart,Area,
Average House Price by U.S State in 2024 ,MickeyMouse3767,2024-10-13,https://professpost.com/average-house-price-by-u-s-state-in-2024/,https://www.reddit.com/r/dataisbeautiful/comments/1g2n6te/average_house_price_by_us_state_in_2024/,179,179,0,18,Average House Price by U.S State in 2024,2024-10-0090.jpg,choropleth map,"housing, real estate, prices, united states, 2024",choropleth map,Maps,Geographical
[OC] Cars in Movies by Type from 1915 to 2024,Alexander_Varlamov,2024-10-13,https://i.redd.it/rjiir0cp8jud1.png,https://www.reddit.com/r/dataisbeautiful/comments/1g2qosc/oc_cars_in_movies_by_type_from_1915_to_2024/,191,191,0,17,OC Cars in Movies by Type from 1915 to 2024,2024-10-0091.png,area chart,"movies, cars, types, trends, history",area chart,Area,
[OC] Most used letters in the english dictionary,_WalkTheEarth_,2024-10-13,https://i.redd.it/gk1buzhpbjud1.png,https://www.reddit.com/r/dataisbeautiful/comments/1g2r1kw/oc_most_used_letters_in_the_english_dictionary/,547,547,0,139,OC Most used letters in the english dictionary,2024-10-0092.png,bar chart,"language, alphabet, english, frequency, linguistics",bar chart,Bar,
"An interactive 3D visualization of age, income, and education in Manhattan as a rotatable layer stack [OC]",kylewalker331,2024-10-13,https://x.com/kyle_e_walker/status/1845488728724197654,https://www.reddit.com/r/dataisbeautiful/comments/1g2vh34/an_interactive_3d_visualization_of_age_income_and/,91,91,0,5,"An interactive 3D visualization of age, income, and education in Manhattan as a rotatable layer stack OC",2024-10-0093.jpg,other (3d map visualization),"demographics, income, education, age, manhattan, data analysis",,,
"I combined 10 separate top 100 movie lists to create a cumulative â€˜greatestâ€™ movies of all time list , here is the top 10. The full list of the 225 that were selected at least twice can be viewed here https://boxd.it/zxk9u [OC]",BREADP00L,2024-10-13,https://i.redd.it/uh5caihc4lud1.jpeg,https://www.reddit.com/r/dataisbeautiful/comments/1g2z8n8/i_combined_10_separate_top_100_movie_lists_to/,144,144,0,72,"I combined 10 separate top 100 movie lists to create a cumulative â€˜greatestâ€™ movies of all time list , here is the top 10. The full list of the 225 th",2024-10-0094.jpeg,bar chart,"movies, rankings, film, critics, fans",bar chart,Bar,
"[OC] Russo-Ukrainian war in Telegram messages (Ukrainian side; green - optimistic, pink - defeatist)",Adunaiii,2024-10-13,https://i.redd.it/u0uxohjfalud1.jpeg,https://www.reddit.com/r/dataisbeautiful/comments/1g301xt/oc_russoukrainian_war_in_telegram_messages/,0,0,0,14,"OC Russo-Ukrainian war in Telegram messages (Ukrainian side; green - optimistic, pink - defeatist)",2024-10-0095.jpeg,line graph,"war, ukraine, russia, telegram, sentiments, communication, trends",line graph,Line,
My weight since I had a VSG (weight loss surgery) 8 months ago [OC],Nikkirenzo59,2024-10-13,https://i.redd.it/n4wvtqkdhmud1.jpeg,https://www.reddit.com/r/dataisbeautiful/comments/1g34qeo/my_weight_since_i_had_a_vsg_weight_loss_surgery_8/,212,212,0,64,My weight since I had a VSG (weight loss surgery) 8 months ago OC,2024-10-0096.jpeg,"line graph, table","health, weight loss, surgery, personal data, trends",line graph,Line,
Tropical cyclone counts in the Atlantic (1851-2023) [OC],FunnyLizardExplorer,2024-10-14,https://i.redd.it/ho6ebytpyqud1.jpeg,https://www.reddit.com/r/dataisbeautiful/comments/1g3jpl8/tropical_cyclone_counts_in_the_atlantic_18512023/,731,731,0,84,Tropical cyclone counts in the Atlantic (1851-2023) OC,2024-10-0097.jpeg,bar chart,"weather, climate, hurricanes, atlantic ocean, tropical cyclones, historical data",bar chart,Bar,
[OC] Visualizing the Proportion of Women Workers by Industry(In South Korea),Temporary_Winner1330,2024-10-14,https://i.redd.it/zt9exo6vyqud1.png,https://www.reddit.com/r/dataisbeautiful/comments/1g3jr31/oc_visualizing_the_proportion_of_women_workers_by/,22,22,0,1,OC Visualizing the Proportion of Women Workers by Industry(In South Korea),2024-10-0098.png,bar chart,"employment, gender, industry, south korea, workforce, statistics",bar chart,Bar,
Minimum Tropical cyclone pressure in the Atlantic (1851-2023) [OC],FunnyLizardExplorer,2024-10-14,https://i.redd.it/ze9hmg0g7rud1.jpeg,https://www.reddit.com/r/dataisbeautiful/comments/1g3kwyj/minimum_tropical_cyclone_pressure_in_the_atlantic/,56,56,0,9,Minimum Tropical cyclone pressure in the Atlantic (1851-2023) OC,2024-10-0099.jpeg,bar chart,"weather, climate, tropical cyclones, atlantic ocean, atmospheric pressure, historical data",bar chart,Bar,
[OC] Drive-Thru Speed vs. Accuracy for Fast-Food Chains (2024),xmrslittlehelper,2024-10-14,https://i.redd.it/krje8clknrud1.png,https://www.reddit.com/r/dataisbeautiful/comments/1g3n5n3/oc_drivethru_speed_vs_accuracy_for_fastfood/,389,389,0,204,OC Drive-Thru Speed vs. Accuracy for Fast-Food Chains (2024),2024-10-0100.png,bubble chart,"fast food, drive-thru, speed, accuracy, efficiency, restaurants, 2024 trends",bubble chart,Point,
[OC] Average salary of OECD Countries 2023,Bladedbro5,2024-10-14,https://i.redd.it/oeyc0etaorud1.png,https://www.reddit.com/r/dataisbeautiful/comments/1g3n9g8/oc_average_salary_of_oecd_countries_2023/,265,265,0,324,OC Average salary of OECD Countries 2023,2024-10-0101.png,choropleth map,"economics, salaries, oecd, global, 2023",choropleth map,Maps,Geographical
Maximum 24-hour Tropical cyclone Intensification per Year in the Atlantic (1851-2023) [OC],FunnyLizardExplorer,2024-10-14,https://i.redd.it/ubte538ayrud1.jpeg,https://www.reddit.com/r/dataisbeautiful/comments/1g3omaa/maximum_24hour_tropical_cyclone_intensification/,5,5,0,9,Maximum 24-hour Tropical cyclone Intensification per Year in the Atlantic (1851-2023) OC,2024-10-0103.jpeg,bar chart,"meteorology, climate, hurricanes, trends, atlantic ocean, historical data",bar chart,Bar,
[OC] Most Popular Words of r/dataisbeautiful Top Posts (2011-2024),Bakufloyd,2024-10-15,https://i.redd.it/4s4bfohvuxud1.png,https://www.reddit.com/r/dataisbeautiful/comments/1g4afpm/oc_most_popular_words_of_rdataisbeautiful_top/,0,0,0,21,OC Most Popular Words of rdataisbeautiful Top Posts (2011-2024),2024-10-0104.png,word cloud,"data visualization, trends, reddit, social media, internet, popular culture",,,
"[OC] How Johnson & Johnson makes money (earnings from today)
",sankeyart,2024-10-15,https://i.redd.it/nylpedh1jyud1.png,https://www.reddit.com/r/dataisbeautiful/comments/1g4dnt2/oc_how_johnson_johnson_makes_money_earnings_from/,74,74,0,49,OC How Johnson & Johnson makes money (earnings from today),2024-10-0105.png,sankey diagram,"finance, healthcare, revenue, earnings, johnson & johnson",sankey diagram,Diagrams,Network/Relational
Average Anesthesiologist Salary by U.S States 2024 ,MickeyMouse3767,2024-10-15,https://professpost.com/average-anesthesiologist-salary-by-u-s-states-2024/,https://www.reddit.com/r/dataisbeautiful/comments/1g4euek/average_anesthesiologist_salary_by_us_states_2024/,0,0,0,42,Average Anesthesiologist Salary by U.S States 2024,2024-10-0106.jpg,choropleth map,"salaries, anesthesiology, u.s. states, healthcare, 2024",choropleth map,Maps,Geographical
World leader salaries (nominal $US),TrainingVivid4768,2024-10-15,https://politicalsalaries.com/leaders/,https://www.reddit.com/r/dataisbeautiful/comments/1g4q39e/world_leader_salaries_nominal_us/,514,514,0,109,World leader salaries (nominal $US),2024-10-0107.jpg,choropleth map,"politics, salaries, world leaders, economics",choropleth map,Maps,Geographical
[OC] Istanbul GDP (nominal) per capita: 2004-2022,turkish__cowboy,2024-10-16,https://i.redd.it/dabm6v13d4vd1.png,https://www.reddit.com/r/dataisbeautiful/comments/1g4z8qb/oc_istanbul_gdp_nominal_per_capita_20042022/,58,58,0,24,OC Istanbul GDP (nominal) per capita 2004-2022,2024-10-0108.png,line graph,"economy, gdp, istanbul, trends, global financial crisis, covid-19, europe",line graph,Line,
Impact of Supershoes in the Women's Marathon [OC],The_Future_Historian,2024-10-16,https://i.redd.it/z4a4z8xfl5vd1.png,https://www.reddit.com/r/dataisbeautiful/comments/1g550zh/impact_of_supershoes_in_the_womens_marathon_oc/,323,323,0,82,Impact of Supershoes in the Women's Marathon OC,2024-10-0110.png,scatter plot,"sports, marathon, footwear, women's athletics, trends",scatter plot,Point,
[OC] Stock Market Performance Under Presidents Since Rutherford Hayes,MTabarrok,2024-10-16,https://i.redd.it/crxl7kp0w5vd1.jpeg,https://www.reddit.com/r/dataisbeautiful/comments/1g56gaf/oc_stock_market_performance_under_presidents/,0,0,0,35,OC Stock Market Performance Under Presidents Since Rutherford Hayes,2024-10-0111.jpeg,line graph,"stock market, presidents, politics, historical trends",line graph,Line,
[OC] Hurricane Helene power outage timelapse,Jasonbluefire,2024-10-16,https://imgur.com/gallery/hurricane-helene-power-outage-summary-hMaN5Mp,https://www.reddit.com/r/dataisbeautiful/comments/1g599eb/oc_hurricane_helene_power_outage_timelapse/,140,140,0,14,OC Hurricane Helene power outage timelapse,2024-10-0112.jpg,choropleth map,"weather, hurricanes, power outages, geography, united states",choropleth map,Maps,Geographical
72% of Americans Believe Electric Vehicles Are Too Costly,MickeyMouse3767,2024-10-17,https://professpost.com/72-of-americans-believe-electric-vehicles-are-too-costly-are-they-correct/,https://www.reddit.com/r/dataisbeautiful/comments/1g5jz2x/72_of_americans_believe_electric_vehicles_are_too/,8872,8872,0,2234,72% of Americans Believe Electric Vehicles Are Too Costly,2024-10-0114.jpg,bar chart,"electric vehicles, public opinion, demographics, consumer trends, automotive industry",bar chart,Bar,
Developer Demand by Seniority in the US 2021-2023,Coresignal,2024-10-17,https://www.linkedin.com/posts/coresignal_developers-layoffs-data-activity-7185618664652492800-5W_a?utm_source=share&utm_medium=member_desktop,https://www.reddit.com/r/dataisbeautiful/comments/1g5qbqb/developer_demand_by_seniority_in_the_us_20212023/,0,0,0,3,Developer Demand by Seniority in the US 2021-2023,2024-10-0115.jpg,donut chart,"technology, employment, job market, software development, trends, united states",donut chart,Circle,
The US had a trade deficit with most of its top trade partners in 2023 [OC],USAFacts,2024-10-17,https://i.redd.it/hiecbmcwecvd1.png,https://www.reddit.com/r/dataisbeautiful/comments/1g5uxbu/the_us_had_a_trade_deficit_with_most_of_its_top/,343,343,0,160,The US had a trade deficit with most of its top trade partners in 2023 OC,2024-10-0117.png,bar chart,"trade, economics, us, imports, exports, 2023, international relations",bar chart,Bar,
"[OC] U.S. Election Results per All Age-eligible Citizens, incorporating disenfranchisement, third-party votes, and Census Survey reasons for non-participation. ",ptrdo,2024-10-17,https://i.redd.it/ysymt2sumcvd1.png,https://www.reddit.com/r/dataisbeautiful/comments/1g5w0l7/oc_us_election_results_per_all_ageeligible/,681,681,0,204,"OC U.S. Election Results per All Age-eligible Citizens, incorporating disenfranchisement, third-party votes, and Census Survey reasons for non-partici",2024-10-0118.png,pie chart,"politics, elections, voting behavior, u.s. elections, disenfranchisement",pie chart,Circle,
"Life expectancy at retirement age, USA and Russia, males and females, 1959â€”2023, years [OC]",Populationdemography,2024-10-17,https://i.redd.it/5grnf8slpcvd1.png,https://www.reddit.com/r/dataisbeautiful/comments/1g5wc4x/life_expectancy_at_retirement_age_usa_and_russia/,0,0,0,25,"Life expectancy at retirement age, USA and Russia, males and females, 1959â€”2023, years OC",2024-10-0119.png,line graph,"life expectancy, retirement, usa, russia, demographics, gender, historical trends",line graph,Line,
[OC] Hurricane Milton power outage timelapse,Jasonbluefire,2024-10-17,https://imgur.com/DliDdcz,https://www.reddit.com/r/dataisbeautiful/comments/1g5xkes/oc_hurricane_milton_power_outage_timelapse/,0,0,0,6,OC Hurricane Milton power outage timelapse,2024-10-0120.jpg,choropleth map,"hurricane, power outage, florida, weather, natural disaster",choropleth map,Maps,Geographical
[OC] The recent decoupling of prediction markets and polls in the US presidential election,TheKnowingOne1,2024-10-17,https://i.redd.it/pzi0un46advd1.jpeg,https://www.reddit.com/r/dataisbeautiful/comments/1g5z0qv/oc_the_recent_decoupling_of_prediction_markets/,9071,9071,0,5139,OC The recent decoupling of prediction markets and polls in the US presidential election,2024-10-0121.jpeg,line graph,"politics, elections, prediction markets, polls, us presidential election",line graph,Line,
Net immigration per 1000 population [OC],david1610,2024-10-18,https://i.redd.it/ff8w22s5wgvd1.png,https://www.reddit.com/r/dataisbeautiful/comments/1g6cigp/net_immigration_per_1000_population_oc/,0,0,0,7,Net immigration per 1000 population OC,2024-10-0122.png,line graph,"immigration, population, australia, trends",line graph,Line,
Percentage of Each US State Occupied By Principal Crops,Roughneck16,2024-10-18,https://brilliantmaps.com/percentage-crops/,https://www.reddit.com/r/dataisbeautiful/comments/1g6gkre/percentage_of_each_us_state_occupied_by_principal/,383,383,0,90,Percentage of Each US State Occupied By Principal Crops,2024-10-0123.jpg,choropleth map,"agriculture, crops, united states, geography, land use",choropleth map,Maps,Geographical
Celsius and Fahrenheit beautifully explained,beeanchor1312,2024-10-18,https://www.geogebra.org/m/a3rz38bc,https://www.reddit.com/r/dataisbeautiful/comments/1g6k2qg/celsius_and_fahrenheit_beautifully_explained/,0,0,0,23,Celsius and Fahrenheit beautifully explained,2024-10-0124.jpg,line graph,"temperature, celsius, fahrenheit, math, conversion",line graph,Line,
"[OC] Unwanted, very aliased, electrical noise in my photodiode analog output is at least pretty though",TheCreamyBeige,2024-10-18,https://i.redd.it/zvqu7jekljvd1.jpeg,https://www.reddit.com/r/dataisbeautiful/comments/1g6mj7o/oc_unwanted_very_aliased_electrical_noise_in_my/,974,974,0,31,"OC Unwanted, very aliased, electrical noise in my photodiode analog output is at least pretty though",2024-10-0125.jpeg,line graph,"electronics, noise, photodiodes, signals",line graph,Line,
[OC] The Rise and Fall of California Wine Shipments (2003 - 2023) (www.graphs.world),xmrslittlehelper,2024-10-18,https://i.redd.it/zb4usfjj1kvd1.png,https://www.reddit.com/r/dataisbeautiful/comments/1g6om4k/oc_the_rise_and_fall_of_california_wine_shipments/,1,1,0,1,OC The Rise and Fall of California Wine Shipments (2003 - 2023) (www.graphs.world),2024-10-0126.png,bar chart,"wine, california, shipments, trends, economy, retail, market analysis",bar chart,Bar,
[OC] Hurricanes in the Atlantic Basin (1851-2024),Vizizm,2024-10-19,https://i.redd.it/heooafdfkqvd1.jpeg,https://www.reddit.com/r/dataisbeautiful/comments/1g7c3nb/oc_hurricanes_in_the_atlantic_basin_18512024/,157,157,0,49,OC Hurricanes in the Atlantic Basin (1851-2024),2024-10-0128.jpeg,line graph,"hurricanes, atlantic ocean, weather, climate, trends, history",line graph,Line,
"Items on Display in the Louvre by date of creation [OC]
",df_iris,2024-10-19,https://i.redd.it/b1x15o2lmrvd1.png,https://www.reddit.com/r/dataisbeautiful/comments/1g7gsi8/items_on_display_in_the_louvre_by_date_of/,1328,1328,0,80,Items on Display in the Louvre by date of creation OC,2024-10-0129.png,histogram,"art, museum, history, louvre, creation dates, cultural heritage",histogram,Distribution,Statistical/Distribution
[OC] I Analyzed 100 Years of Movie Posters (Around the World),nerdy_wits,2024-10-20,https://i.redd.it/bmvo50100xvd1.png,https://www.reddit.com/r/dataisbeautiful/comments/1g7z2b2/oc_i_analyzed_100_years_of_movie_posters_around/,765,765,0,55,OC I Analyzed 100 Years of Movie Posters (Around the World),2024-10-0130.png,line graph,"movies, color analysis, trends, design, art",line graph,Line,
[OC] Cheapest College Towns in the USA,Vizizm,2024-10-20,https://i.redd.it/zxj4dprhixvd1.jpeg,https://www.reddit.com/r/dataisbeautiful/comments/1g815tu/oc_cheapest_college_towns_in_the_usa/,0,0,0,58,OC Cheapest College Towns in the USA,2024-10-0131.jpeg,bar chart,"education, college, usa, cost of living, finance",bar chart,Bar,
"[OC] Waymo, Lyft, and Uber Price Comparison (Los Angeles)",danlev,2024-10-20,https://i.redd.it/pa7qwu7uuzvd1.png,https://www.reddit.com/r/dataisbeautiful/comments/1g8bvjq/oc_waymo_lyft_and_uber_price_comparison_los/,786,786,0,134,"OC Waymo, Lyft, and Uber Price Comparison (Los Angeles)",2024-10-0132.png,"bar chart, pie chart","transportation, rideshare, pricing, los angeles, comparison","bar chart, pie chart","Bar, Circle",
[OC] A Week of Public EV Charging across the US,SuperfastBananaSlug,2024-10-20,https://vimeo.com/1021554888,https://www.reddit.com/r/dataisbeautiful/comments/1g8gslf/oc_a_week_of_public_ev_charging_across_the_us/,266,266,0,14,OC A Week of Public EV Charging across the US,2024-10-0134.jpg,choropleth map,"electric vehicles, public charging, usa, energy, transportation",choropleth map,Maps,Geographical
[OC] Netflix' latest streaming revenue visualized by region,sankeyart,2024-10-21,https://i.redd.it/5wzmdbtql3wd1.png,https://www.reddit.com/r/dataisbeautiful/comments/1g8nsy4/oc_netflix_latest_streaming_revenue_visualized_by/,767,767,0,193,OC Netflix' latest streaming revenue visualized by region,2024-10-0135.png,sankey diagram,"netflix, streaming, revenue, regions, finance",sankey diagram,Diagrams,Network/Relational
Morningtime Solar Gain in a Room with East-Facing Windows [OC],milliwot,2024-10-21,https://i.redd.it/kcmw4lpzm3wd1.png,https://www.reddit.com/r/dataisbeautiful/comments/1g8nx8r/morningtime_solar_gain_in_a_room_with_eastfacing/,58,58,0,9,Morningtime Solar Gain in a Room with East-Facing Windows OC,2024-10-0136.png,line graph,"solar gain, temperature, windows, morning, environment, energy efficiency",line graph,Line,
Home Payment as % of Median Income in 1987 vs Today [OC],timl25,2024-10-21,https://i.redd.it/vz3q68v225wd1.png,https://www.reddit.com/r/dataisbeautiful/comments/1g8uf5x/home_payment_as_of_median_income_in_1987_vs_today/,0,0,0,67,Home Payment as % of Median Income in 1987 vs Today OC,2024-10-0137.png,"line graph, bar chart","housing, income, economics, trends, real estate","line graph, bar chart","Bar, Line",
[OC] Profitability Amongst Publicly Listed Companies Returning to pre-Pandemic Levels,IndependentOdd1942,2024-10-21,https://i.redd.it/26gnvdvw55wd1.png,https://www.reddit.com/r/dataisbeautiful/comments/1g8uw3i/oc_profitability_amongst_publicly_listed/,75,75,0,18,OC Profitability Amongst Publicly Listed Companies Returning to pre-Pandemic Levels,2024-10-0138.png,area chart,"profitability, finance, companies, business, economy, trends",area chart,Area,
College Degrees that have the Best and Worst Return on Investment According To Field [Revisualized],greenray009,2024-10-21,https://www.visualcapitalist.com/which-college-degrees-have-the-greatest-return-on-investment/,https://www.reddit.com/r/dataisbeautiful/comments/1g8w8wm/college_degrees_that_have_the_best_and_worst/,134,134,0,108,College Degrees that have the Best and Worst Return on Investment According To Field Revisualized,2024-10-0139.jpg,bubble chart,"education, college, return on investment, careers, finance, economics",bubble chart,Point,
[OC] My HRV vs average outside temperature over the last 3 years,electricRed21,2024-10-21,https://i.redd.it/eelukdhnj5wd1.png,https://www.reddit.com/r/dataisbeautiful/comments/1g8x1ml/oc_my_hrv_vs_average_outside_temperature_over_the/,45,45,0,10,OC My HRV vs average outside temperature over the last 3 years,2024-10-0140.png,line graph,"health, temperature, heart rate variability, trends, personal data",line graph,Line,
[OC] International Football Elo Rankings (interactive visualisation showing data since 1872 in comment),Clear-Aspect-6803,2024-10-21,https://i.redd.it/sj7z004an5wd1.png,https://www.reddit.com/r/dataisbeautiful/comments/1g8xbza/oc_international_football_elo_rankings/,6,6,0,2,OC International Football Elo Rankings (interactive visualisation showing data since 1872 in comment),2024-10-0141.png,"line graph, bar chart","sports, football, rankings, history, trends, international, elo ratings","line graph, bar chart","Bar, Line",
"[OC] Behind TSMCâ€™s AI boom driven billions
",sankeyart,2024-10-21,https://i.redd.it/8h473p4bm6wd1.png,https://www.reddit.com/r/dataisbeautiful/comments/1g925ts/oc_behind_tsmcs_ai_boom_driven_billions/,130,130,0,25,OC Behind TSMCâ€™s AI boom driven billions,2024-10-0142.png,sankey diagram,"technology, finance, ai, semiconductors, tsmc",sankey diagram,Diagrams,Network/Relational
"[OC] New Breast Cancer Cases Among Women under 50, by Race",academiaadvice,2024-10-21,https://i.redd.it/s2oorvpvw7wd1.png,https://www.reddit.com/r/dataisbeautiful/comments/1g97l3h/oc_new_breast_cancer_cases_among_women_under_50/,619,619,0,148,"OC New Breast Cancer Cases Among Women under 50, by Race",2024-10-0143.png,line graph,"health, breast cancer, women, race, trends, demographics",line graph,Line,
[OC] Which countries are EU Contributors and Beneficiaries?,spriteware,2024-10-22,https://i.redd.it/rf086v581awd1.png,https://www.reddit.com/r/dataisbeautiful/comments/1g9e2jt/oc_which_countries_are_eu_contributors_and/,1239,1239,0,404,OC Which countries are EU Contributors and Beneficiaries,2024-10-0144.png,choropleth map,"eu, contributions, budget, countries, economics",choropleth map,Maps,Geographical
[OC] Number of Plants Created by Irradiation by Year,turbobureaucrat,2024-10-22,https://i.redd.it/pjjcng4l8bwd1.png,https://www.reddit.com/r/dataisbeautiful/comments/1g9i8cu/oc_number_of_plants_created_by_irradiation_by_year/,70,70,0,24,OC Number of Plants Created by Irradiation by Year,2024-10-0145.png,bar chart,"plants, irradiation, agriculture, trends, technology, development",bar chart,Bar,
[OC] The number of photos I took every month (since my first smartphone) tells the story of my life,luisgdh,2024-10-22,https://i.redd.it/kqdi3rndrbwd1.png,https://www.reddit.com/r/dataisbeautiful/comments/1g9knnm/oc_the_number_of_photos_i_took_every_month_since/,553,553,0,85,OC The number of photos I took every month (since my first smartphone) tells the story of my life,2024-10-0146.png,bar chart,"photography, life events, personal stories, travel, covid-19, memory keeping",bar chart,Bar,
America & China's Chip Race,eortizospina,2024-10-22,https://substack.com/@josephpolitano/note/p-147169168,https://www.reddit.com/r/dataisbeautiful/comments/1g9luwu/america_chinas_chip_race/,21,21,0,2,America & China's Chip Race,2024-10-0147.jpg,stacked bar chart,"technology, international trade, geopolitics, economics, semiconductors, united states, china",stacked bar chart,Bar,
"[OC] McDonalds, Starbucks & Chipotle Dominate the Fast Food Sector in Terms of Market Capitalization",IndependentOdd1942,2024-10-22,https://i.redd.it/vet8jgku5cwd1.png,https://www.reddit.com/r/dataisbeautiful/comments/1g9mmlp/oc_mcdonalds_starbucks_chipotle_dominate_the_fast/,0,0,0,17,"OC McDonalds, Starbucks & Chipotle Dominate the Fast Food Sector in Terms of Market Capitalization",2024-10-0148.png,treemap,"fast food, market capitalization, restaurants, business, finance",,,
[OC] Correlations in the AllRecipes Database,middlehanded,2024-10-22,https://i.redd.it/fojad0whyewd1.png,https://www.reddit.com/r/dataisbeautiful/comments/1g9zg3b/oc_correlations_in_the_allrecipes_database/,630,630,0,140,OC Correlations in the AllRecipes Database,2024-10-0150.png,heatmap,"recipes, cooking, correlations, ingredients, data analysis",heatmap,Grid & Matrix,
Ethnic groups in the Middle East [OC],Designer_Lie_2227,2024-10-23,https://i.redd.it/9kaq8nce9gwd1.png,https://www.reddit.com/r/dataisbeautiful/comments/1ga3vr2/ethnic_groups_in_the_middle_east_oc/,0,0,0,100,Ethnic groups in the Middle East OC,2024-10-0151.png,infographic,"ethnography, middle east, ethnic groups, demographics",,,
"[OC] USA vs Europe Work Culture: Nearly 30% of Europeans took more than 25 vacation days, while only 6% of Americans took that much time off according to a survey of 1,228 employees",toso_o,2024-10-23,https://i.redd.it/nrzgbecu5iwd1.png,https://www.reddit.com/r/dataisbeautiful/comments/1ga9s7m/oc_usa_vs_europe_work_culture_nearly_30_of/,13372,13372,0,1999,"OC USA vs Europe Work Culture Nearly 30% of Europeans took more than 25 vacation days, while only 6% of Americans took that much time off according to",2024-10-0152.png,bar chart,"work culture, vacation, usa, europe, employee survey",bar chart,Bar,
[OC] Progression in the Marathon,k1next,2024-10-23,https://i.redd.it/xg8dklg3diwd1.png,https://www.reddit.com/r/dataisbeautiful/comments/1gaam92/oc_progression_in_the_marathon/,61,61,0,25,OC Progression in the Marathon,2024-10-0153.png,scatter plot,"sports, athletics, marathon, records, performance, trends",scatter plot,Point,
[OC] Which Major & Minor League Teams (MLB-Single A) are closest to every US County,dvd5671,2024-10-23,https://i.redd.it/5o755larsiwd1.jpeg,https://www.reddit.com/r/dataisbeautiful/comments/1gacm4e/oc_which_major_minor_league_teams_mlbsingle_a_are/,299,299,0,92,OC Which Major & Minor League Teams (MLB-Single A) are closest to every US County,2024-10-0155.jpeg,choropleth map,"geography, sports, baseball, mlb, minor league teams, usa",choropleth map,Maps,Geographical
The Scariest Halloweens for Homebuyers by % of Median HH Income Required for Payment [OC],timl25,2024-10-23,https://i.redd.it/sxdstqgfbjwd1.png,https://www.reddit.com/r/dataisbeautiful/comments/1gaf79l/the_scariest_halloweens_for_homebuyers_by_of/,202,202,0,16,The Scariest Halloweens for Homebuyers by % of Median HH Income Required for Payment OC,2024-10-0156.png,"bar chart, line graph","housing, homebuyers, income, trends, economy, halloween","bar chart, line graph","Bar, Line",
[OC] Ratio of US Defense spending to US Non Defense Spending,Illustrious-Demand98,2024-10-23,https://i.redd.it/pe7hes3qgjwd1.png,https://www.reddit.com/r/dataisbeautiful/comments/1gafw9g/oc_ratio_of_us_defense_spending_to_us_non_defense/,0,0,0,17,OC Ratio of US Defense spending to US Non Defense Spending,2024-10-0157.png,line graph,"us, defense spending, non-defense spending, economy, trends",line graph,Line,
[OC] Nvidia's Stellar Performance Masks Broader Semiconductor Industry Growth Struggles,IndependentOdd1942,2024-10-23,https://i.redd.it/dkpm6jjrzjwd1.png,https://www.reddit.com/r/dataisbeautiful/comments/1gaidel/oc_nvidias_stellar_performance_masks_broader/,86,86,0,11,OC Nvidia's Stellar Performance Masks Broader Semiconductor Industry Growth Struggles,2024-10-0158.png,line graph,"nvidia, semiconductor industry, revenue growth, technology, business trends",line graph,Line,
[OC] How TESLA makes its money,sankeyart,2024-10-23,https://i.redd.it/x7rz1f7oskwd1.png,https://www.reddit.com/r/dataisbeautiful/comments/1gama7c/oc_how_tesla_makes_its_money/,0,0,0,65,OC How TESLA makes its money,2024-10-0159.png,sankey diagram,"tesla, income statement, revenue, finance, automotive industry",sankey diagram,Diagrams,Network/Relational
How much more valuable is it to attend a prestigious university? [OC],CollegeNPV,2024-10-23,https://i.redd.it/lghukfg7mlwd1.png,https://www.reddit.com/r/dataisbeautiful/comments/1gaptrf/how_much_more_valuable_is_it_to_attend_a/,113,113,0,84,How much more valuable is it to attend a prestigious university OC,2024-10-0160.png,bar chart,"education, universities, return on investment, value, higher education",bar chart,Bar,
[OC] Percentage living on less than $2.15 a day versus less than $30 a day,nytopinion,2024-10-24,https://i.redd.it/kznf0qhtqmwd1.png,https://www.reddit.com/r/dataisbeautiful/comments/1gau6tt/oc_percentage_living_on_less_than_215_a_day/,65,65,0,49,OC Percentage living on less than $2.15 a day versus less than $30 a day,2024-10-0161.png,choropleth map,"poverty, economics, global, inequality",choropleth map,Maps,Geographical
"[OC] Yes, the Way We Use the Internet Has Been Disrupted by Generative AI",Thatshelbs,2024-10-24,https://i.redd.it/tv9jg0mfvmwd1.png,https://www.reddit.com/r/dataisbeautiful/comments/1gauma1/oc_yes_the_way_we_use_the_internet_has_been/,384,384,0,139,"OC Yes, the Way We Use the Internet Has Been Disrupted by Generative AI",2024-10-0162.png,line graph,"internet, trends, generative ai, google trends, chatgpt, disruption",line graph,Line,
"[OC] Brat (plus all the remixes) has already been streamed 2x more than Charliâ€™s next biggest album, Sucker",t-from-whyhive,2024-10-24,https://i.redd.it/lyjnlq846nwd1.png,https://www.reddit.com/r/dataisbeautiful/comments/1gavjf3/oc_brat_plus_all_the_remixes_has_already_been/,0,0,0,8,"OC Brat (plus all the remixes) has already been streamed 2x more than Charliâ€™s next biggest album, Sucker",2024-10-0163.png,pie chart,"music, streaming, albums, data comparison",pie chart,Circle,
How the number of homes in America with landlines has changed since 1960,goudadaysir,2024-10-24,https://www.ooma.com/blog/changes-in-number-of-homes-with-landlines/,https://www.reddit.com/r/dataisbeautiful/comments/1gb2mr2/how_the_number_of_homes_in_america_with_landlines/,0,0,0,20,How the number of homes in America with landlines has changed since 1960,2024-10-0164.jpg,alluvial diagram,"telecommunications, landlines, trends, united states, history",alluvial diagram,Trees & Networks,Network/Relational
[OC] Largest Balance Sheets of U.S. Publicly Listed Companies,IndependentOdd1942,2024-10-24,https://i.redd.it/qlbukfozvpwd1.png,https://www.reddit.com/r/dataisbeautiful/comments/1gb4fdf/oc_largest_balance_sheets_of_us_publicly_listed/,0,0,0,18,OC Largest Balance Sheets of U.S. Publicly Listed Companies,2024-10-0165.png,treemap,"finance, banking, companies, balance sheets, u.s., economy",,,
[OC] American Women have Outvoted Men in All Presidential Elections since 1980. ,ptrdo,2024-10-24,https://i.redd.it/i1qn3wp18qwd1.png,https://www.reddit.com/r/dataisbeautiful/comments/1gb61qu/oc_american_women_have_outvoted_men_in_all/,2153,2153,0,380,OC American Women have Outvoted Men in All Presidential Elections since 1980.,2024-10-0166.png,bar chart,"politics, elections, voting, gender, trends",bar chart,Bar,
People tend to think there are more immigrants in their country than there really are.,kwentongskyblue,2024-10-24,https://x.com/OurWorldInData/status/1849463601704165811/photo/1,https://www.reddit.com/r/dataisbeautiful/comments/1gb7ama/people_tend_to_think_there_are_more_immigrants_in/,992,992,0,226,People tend to think there are more immigrants in their country than there really are.,2024-10-0167.jpg,slope chart,"immigration, perception, demographics, population, society",slope chart,Line,
People overestimate how many immigrants live in their country.,Optimal_Vast6066,2024-10-24,https://ourworldindata.org/data-insights/many-people-overestimate-the-percentage-of-immigrants-in-their-country,https://www.reddit.com/r/dataisbeautiful/comments/1gb8d11/people_overestimate_how_many_immigrants_live_in/,386,386,0,195,People overestimate how many immigrants live in their country.,2024-10-0168.jpg,slope chart,"demographics, migration, perception, statistics, countries",slope chart,Line,
"Top 150 National Universities Ranked by Yield, 2025 edition [OC]",Roughneck16,2024-10-24,https://i.redd.it/70ikhb8dqqwd1.png,https://www.reddit.com/r/dataisbeautiful/comments/1gb8isy/top_150_national_universities_ranked_by_yield/,0,0,0,20,"Top 150 National Universities Ranked by Yield, 2025 edition OC",2024-10-0169.png,bar chart,"education, universities, rankings, trends, data analysis",bar chart,Bar,
How much of hockey is actually hockey? ,H_G_Bells,2024-10-24,https://www.tiktok.com/@__sportsball/video/7427864098760592670,https://www.reddit.com/r/dataisbeautiful/comments/1gb8zuq/how_much_of_hockey_is_actually_hockey/,49,49,0,53,How much of hockey is actually hockey,2024-10-0170.jpg,infographic,"sports, hockey, broadcast, game analysis",,,
[OC] Los Angeles Average Monthly Temperature and Yearly Max/Min,TheEpicSquad,2024-10-24,https://i.redd.it/kb2d62wfuqwd1.png,https://www.reddit.com/r/dataisbeautiful/comments/1gb95zg/oc_los_angeles_average_monthly_temperature_and/,37,37,0,12,OC Los Angeles Average Monthly Temperature and Yearly MaxMin,2024-10-0171.png,line graph,"los angeles, temperature, climate, trends, weather, data analysis",line graph,Line,
Who did your neighbors give money to this election?,legalbeaver89,2024-10-24,https://www.washingtonpost.com/elections/interactive/2024/trump-harris-donors-zip-code-map/?itid=hp-top-table-main_p001_f005,https://www.reddit.com/r/dataisbeautiful/comments/1gba8ht/who_did_your_neighbors_give_money_to_this_election/,0,0,0,20,Who did your neighbors give money to this election,2024-10-0172.jpg,choropleth map,"politics, elections, donations, geography, united states",choropleth map,Maps,Geographical
[OC] Berserk Manga - Episodes per Volume vs. Release Date of Japanese and English languages,lukegjpotter,2024-10-24,https://i.redd.it/ydirayn2drwd1.png,https://www.reddit.com/r/dataisbeautiful/comments/1gbbod3/oc_berserk_manga_episodes_per_volume_vs_release/,0,0,0,3,OC Berserk Manga - Episodes per Volume vs. Release Date of Japanese and English languages,2024-10-0173.png,scatter plot,"manga, berserk, episodes, release date, japanese, english, literature",scatter plot,Point,
[OC] Deportations and Total Cases under US Presidents (1981-2022),delivermeapizza,2024-10-24,https://i.redd.it/ut7ugztgvrwd1.png,https://www.reddit.com/r/dataisbeautiful/comments/1gbdxut/oc_deportations_and_total_cases_under_us/,241,241,0,130,OC Deportations and Total Cases under US Presidents (1981-2022),2024-10-0174.png,bar chart,"politics, immigration, us presidents, deportations, trends",bar chart,Bar,
Most attractive countries for graduates,zvdyy,2024-10-25,https://www.economist.com/graphic-detail/2024/10/22/our-footloose-index-the-most-attractive-countries-for-graduates,https://www.reddit.com/r/dataisbeautiful/comments/1gboyfv/most_attractive_countries_for_graduates/,0,0,0,4,Most attractive countries for graduates,2024-10-0175.jpg,sankey diagram,"education, international, graduates, countries, migration",sankey diagram,Diagrams,Network/Relational
[OC] Prevalence of Artists Using Weird Punctuation and Capitalization in Their Names,noisymortimer,2024-10-25,https://i.redd.it/0wi6zs5v3xwd1.jpeg,https://www.reddit.com/r/dataisbeautiful/comments/1gbwfua/oc_prevalence_of_artists_using_weird_punctuation/,213,213,0,24,OC Prevalence of Artists Using Weird Punctuation and Capitalization in Their Names,2024-10-0176.jpeg,line graph,"music, artists, punctuation, capitalization, trends",line graph,Line,
Visualizing the Lifespans from Adam to Noah,irzelindo,2024-10-25,https://medium.com/@irzelindo.salvador/visualizing-the-lifespans-from-adam-to-noah-f8e7af22dd84,https://www.reddit.com/r/dataisbeautiful/comments/1gc2skr/visualizing_the_lifespans_from_adam_to_noah/,0,0,0,25,Visualizing the Lifespans from Adam to Noah,2024-10-0177.jpg,bar chart,"biblical figures, lifespans, genealogy, religion",bar chart,Bar,
"[OC] The Cleveland Browns and Deshaun Watson are 60% through his record-breaking $230M guaranteed contract. Here is a timeline of what they have gotten in return. (NFL, American football)",JPAnalyst,2024-10-26,https://i.redd.it/3ko5cwo414xd1.png,https://www.reddit.com/r/dataisbeautiful/comments/1gcm6g4/oc_the_cleveland_browns_and_deshaun_watson_are_60/,936,936,0,125,OC The Cleveland Browns and Deshaun Watson are 60% through his record-breaking $230M guaranteed contract. Here is a timeline of what they have gotten,2024-10-0178.png,timeline,"nfl, american football, contracts, sports, performance, cleveland browns",,,
"Wealth, shown to scale",Kujen,2024-10-26,https://mkorostoff.github.io/1-pixel-wealth/,https://www.reddit.com/r/dataisbeautiful/comments/1gcp5d1/wealth_shown_to_scale/,825,825,0,207,"Wealth, shown to scale",2024-10-0179.jpg,line graph,"wealth, economics, trends",line graph,Line,
"Out of the top 20 cities for number of Amazon sellers, 15 of them are Chinese.",MyStolenCow,2024-10-26,https://hubs.li/Q02T_rd_0,https://www.reddit.com/r/dataisbeautiful/comments/1gcu0re/out_of_the_top_20_cities_for_number_of_amazon/,783,783,0,28,"Out of the top 20 cities for number of Amazon sellers, 15 of them are Chinese.",2024-10-0180.jpg,bar chart,"amazon, e-commerce, cities, china, global trade",bar chart,Bar,
They Used to Be Ahead in the American Economy. Now Theyâ€™ve Fallen Behind.,glmory,2024-10-26,https://www.nytimes.com/interactive/2024/10/26/upshot/census-relative-income.html,https://www.reddit.com/r/dataisbeautiful/comments/1gd0w98/they_used_to_be_ahead_in_the_american_economy_now/,0,0,0,13,They Used to Be Ahead in the American Economy. Now Theyâ€™ve Fallen Behind.,2024-10-0181.jpg,line graph,"income, economy, education, demographics, trends",line graph,Line,
"Frequency of Bachelor's Degrees by State in USA for Four Races [OC], GoogleVis DataCharts",Blitzgar,2024-10-27,https://i.redd.it/gfjtps0r9bxd1.jpeg,https://www.reddit.com/r/dataisbeautiful/comments/1gdciqv/frequency_of_bachelors_degrees_by_state_in_usa/,680,680,0,197,"Frequency of Bachelor's Degrees by State in USA for Four Races OC, GoogleVis DataCharts",2024-10-0182.jpeg,choropleth map,"education, demographics, usa, race, bachelorâ€™s degrees",choropleth map,Maps,Geographical
My alcohol consumption 2022 vs 2024 [OC],throwaway396849,2024-10-28,https://i.redd.it/x54fmvk1fhxd1.png,https://www.reddit.com/r/dataisbeautiful/comments/1gdzm8d/my_alcohol_consumption_2022_vs_2024_oc/,11925,11925,0,1700,My alcohol consumption 2022 vs 2024 OC,2024-10-0183.png,line graph,"alcohol, consumption, trends, 2022, 2024, weekly",line graph,Line,
The number of times each letter is used when writing the names of the 1025 PokÃ©mon [OC],lmdJorge,2024-10-28,https://i.redd.it/14p0wtrx9jxd1.png,https://www.reddit.com/r/dataisbeautiful/comments/1ge856p/the_number_of_times_each_letter_is_used_when/,148,148,0,24,The number of times each letter is used when writing the names of the 1025 PokÃ©mon OC,2024-10-0184.png,bar chart,"pokÃ©mon, letters, names, frequency, generations",bar chart,Bar,
Youth Employment Trends in Developing Countries (2000-2023) [oc],forensiceconomics,2024-10-29,https://i.redd.it/g3sia6s82nxd1.png,https://www.reddit.com/r/dataisbeautiful/comments/1geo43l/youth_employment_trends_in_developing_countries/,0,0,0,3,Youth Employment Trends in Developing Countries (2000-2023) oc,2024-10-0185.png,line graph,"employment, youth, trends, developing countries, demographics, economics",line graph,Line,
"[OC] How Visa Inc. makes money
",sankeyart,2024-10-29,https://i.redd.it/lbqidr5vxrxd1.png,https://www.reddit.com/r/dataisbeautiful/comments/1gf7t7m/oc_how_visa_inc_makes_money/,886,886,0,151,OC How Visa Inc. makes money,2024-10-0187.png,sankey diagram,"finance, business, income, financial statement, visa",sankey diagram,Diagrams,Network/Relational
"[OC] U.S. States and Canadian Provinces by amount of Big 4 sports teams but I am competent this time, my source will be in my comment.",boypower2566,2024-10-29,https://i.redd.it/dmkucozsisxd1.png,https://www.reddit.com/r/dataisbeautiful/comments/1gfacno/oc_us_states_and_canadian_provinces_by_amount_of/,0,0,0,154,"OC U.S. States and Canadian Provinces by amount of Big 4 sports teams but I am competent this time, my source will be in my comment.",2024-10-0188.png,choropleth map,"sports, geography, north america, big 4, u.s. states, canadian provinces",choropleth map,Maps,Geographical
[OC] Under Ten Heg : Top or Flop?,foreverstandica,2024-10-29,https://i.redd.it/bjw9pf9kysxd1.jpeg,https://www.reddit.com/r/dataisbeautiful/comments/1gfc33u/oc_under_ten_heg_top_or_flop/,0,0,0,0,OC Under Ten Heg Top or Flop,2024-10-0189.jpeg,treemap,"sports, soccer, performance, players",,,
"[OC] Breaking down GOOGLEâ€™s Billions
",sankeyart,2024-10-29,https://i.redd.it/qcy4hz6m5txd1.png,https://www.reddit.com/r/dataisbeautiful/comments/1gfcudz/oc_breaking_down_googles_billions/,904,904,0,186,OC Breaking down GOOGLEâ€™s Billions,2024-10-0190.png,sankey diagram,"google, finances, revenue, business, technology",sankey diagram,Diagrams,Network/Relational
"[OC] Density vs. outcome for 146,000 precincts in 2020",wannagowest,2024-10-30,https://i.redd.it/dw4cj1bslwxd1.png,https://www.reddit.com/r/dataisbeautiful/comments/1gfnucq/oc_density_vs_outcome_for_146000_precincts_in_2020/,1841,1841,0,443,"OC Density vs. outcome for 146,000 precincts in 2020",2024-10-0191.png,violin plot,"politics, elections, voting trends, demographics, 2020 presidential election",violin plot,Distribution,Statistical/Distribution
Top 10 Fears of Americans in 2024 [OC],CognitiveFeedback,2024-10-30,https://i.redd.it/s3por1jbeyxd1.png,https://www.reddit.com/r/dataisbeautiful/comments/1gfwham/top_10_fears_of_americans_in_2024_oc/,0,0,0,55,Top 10 Fears of Americans in 2024 OC,2024-10-0192.png,line graph,"fears, americans, 2024, trends, survey, society, politics, economy, health, security",line graph,Line,
[OC] Decamillionaires per 10k people by US state,ppsreejith,2024-10-30,https://i.redd.it/qj8rl4cnfzxd1.png,https://www.reddit.com/r/dataisbeautiful/comments/1gg19lw/oc_decamillionaires_per_10k_people_by_us_state/,689,689,0,217,OC Decamillionaires per 10k people by US state,2024-10-0193.png,choropleth map,"wealth, demographics, us states, economy, population density",choropleth map,Maps,Geographical
[OC] How Microsoft makes its Billions,sankeyart,2024-10-30,https://i.redd.it/lwtbvz6ppzxd1.png,https://www.reddit.com/r/dataisbeautiful/comments/1gg2fo6/oc_how_microsoft_makes_its_billions/,155,155,0,23,OC How Microsoft makes its Billions,2024-10-0194.png,sankey diagram,"business, finance, technology, microsoft, revenue",sankey diagram,Diagrams,Network/Relational
How Eligible Voters Who Don't Vote Could Instead Determine the US Election [OC],James_Fortis,2024-10-31,https://i.redd.it/z8g33b8uw2yd1.jpeg,https://www.reddit.com/r/dataisbeautiful/comments/1ggcffm/how_eligible_voters_who_dont_vote_could_instead/,5446,5446,0,1009,How Eligible Voters Who Don't Vote Could Instead Determine the US Election OC,2024-10-0195.jpeg,pie chart,"politics, elections, voting, united states, voter turnout",pie chart,Circle,
US Teachers Will Spend $3.35 Billion of Their Own Money on Classroom Expenses in 2024-25 School Year,KillersGonnaKill,2024-10-31,https://myelearningworld.com/us-teacher-spending-2024-25/,https://www.reddit.com/r/dataisbeautiful/comments/1ggflr7/us_teachers_will_spend_335_billion_of_their_own/,1863,1863,0,178,US Teachers Will Spend $3.35 Billion of Their Own Money on Classroom Expenses in 2024-25 School Year,2024-10-0196.jpg,bar chart,"education, teachers, school supplies, expenses, finance, u.s. education system",bar chart,Bar,
"[OC] If this election's first-time voters vote at rates of young people in the previous election, they could eclipse 2020 margins of victory in key states.",ptrdo,2024-10-31,https://i.redd.it/kmfyq6ovc4yd1.png,https://www.reddit.com/r/dataisbeautiful/comments/1ggistv/oc_if_this_elections_firsttime_voters_vote_at/,405,405,0,44,"OC If this election's first-time voters vote at rates of young people in the previous election, they could eclipse 2020 margins of victory in key stat",2024-10-0197.png,bar chart,"politics, elections, voter turnout, demographics, us states",bar chart,Bar,
Two charts and a map to help make sense of all the early voting data,nbcnews,2024-10-31,https://www.nbcnews.com/data-graphics/2024-early-vote-data-map-rcna177666,https://www.reddit.com/r/dataisbeautiful/comments/1ggjk5t/two_charts_and_a_map_to_help_make_sense_of_all/,0,0,0,25,Two charts and a map to help make sense of all the early voting data,2024-10-0198.jpg,choropleth map,"politics, elections, voting, data analysis",choropleth map,Maps,Geographical
[OC] Where the House is won: Number of competitive Representative seats by state,GhostInTheEggShell,2024-10-31,https://i.redd.it/y3i9o5c1m4yd1.png,https://www.reddit.com/r/dataisbeautiful/comments/1ggjyvw/oc_where_the_house_is_won_number_of_competitive/,0,0,0,10,OC Where the House is won Number of competitive Representative seats by state,2024-10-0199.png,choropleth map,"politics, elections, united states, house of representatives, competitive seats",choropleth map,Maps,Geographical
[OC] YouTube video views vs number of comments ,Kooky_Structure1897,2024-10-31,https://i.redd.it/de54o61yz4yd1.png,https://www.reddit.com/r/dataisbeautiful/comments/1gglsap/oc_youtube_video_views_vs_number_of_comments/,0,0,0,11,OC YouTube video views vs number of comments,2024-10-0200.png,scatter plot,"youtube, video views, comments, categories, online content, trends",scatter plot,Point,
Top 30 largest video game communities on reddit (number of members in million),Full_Data_6240,2024-10-31,https://www.reddit.com/r/gaming/comments/1ggln4e/top_30_largest_video_game_communities_on_reddit/,https://www.reddit.com/r/dataisbeautiful/comments/1ggm1d3/top_30_largest_video_game_communities_on_reddit/,0,0,0,5,Top 30 largest video game communities on reddit (number of members in million),2024-10-0201.png,bar chart,"video games, communities, social media, reddit, online trends",bar chart,Bar,
[OC] Democrats Won the Ad War. Will It Be Enough?,nytopinion,2024-10-31,https://i.redd.it/jk0p8vq8h5yd1.png,https://www.reddit.com/r/dataisbeautiful/comments/1ggo17c/oc_democrats_won_the_ad_war_will_it_be_enough/,0,0,0,24,OC Democrats Won the Ad War. Will It Be Enough,2024-10-0202.png,slope chart,"politics, elections, advertising, spending",slope chart,Line,
[OC] I analysed every betting site I could find (go vote),cardak98,2024-10-31,https://i.redd.it/1186vopnl5yd1.jpeg,https://www.reddit.com/r/dataisbeautiful/comments/1ggokte/oc_i_analysed_every_betting_site_i_could_find_go/,0,0,0,51,OC I analysed every betting site I could find (go vote),2024-10-0203.jpeg,density plot,"politics, elections, betting, probability distributions",density plot,Distribution,Statistical/Distribution
Under or overallocation of Electoral College votes in 2024 [OC],USAFacts,2024-10-31,https://i.redd.it/0ri7bzb4o5yd1.png,https://www.reddit.com/r/dataisbeautiful/comments/1ggovyv/under_or_overallocation_of_electoral_college/,2008,2008,0,765,Under or overallocation of Electoral College votes in 2024 OC,2024-10-0204.png,scatter plot,"politics, elections, electoral college, demographics, 2024",scatter plot,Point,
[OC] The Most Common Dates Mentioned in Jeopardy!,Ugleh,2024-10-31,https://i.redd.it/ng449twrv5yd1.png,https://www.reddit.com/r/dataisbeautiful/comments/1ggpveq/oc_the_most_common_dates_mentioned_in_jeopardy/,171,171,0,48,OC The Most Common Dates Mentioned in Jeopardy!,2024-10-0205.png,heatmap,"television, gameshows, trivia, entertainment, dates",heatmap,Grid & Matrix,
[OC] Births by Mother's Age: Percentage Differences from 2007 to 2023,vyrus0139,2024-10-31,https://i.redd.it/45osadz096yd1.png,https://www.reddit.com/r/dataisbeautiful/comments/1ggrdy2/oc_births_by_mothers_age_percentage_differences/,215,215,0,92,OC Births by Mother's Age Percentage Differences from 2007 to 2023,2024-10-0206.png,"bar chart, pie chart","demographics, births, age trends, statistics, health data","bar chart, pie chart","Bar, Circle",
[OC] SF School Closure Scores - Closures were determined by a composite score with only obfuscated relative component ranks released. Modeling and visualizing the component scores from limited information.,zzsf,2024-10-31,https://i.redd.it/wqwgfi1xh7yd1.png,https://www.reddit.com/r/dataisbeautiful/comments/1ggw5xo/oc_sf_school_closure_scores_closures_were/,0,0,0,2,OC SF School Closure Scores - Closures were determined by a composite score with only obfuscated relative component ranks released. Modeling and visua,2024-10-0207.png,bubble chart,"education, schools, modeling, data analysis, scores",bubble chart,Point,
